<?xml version="1.0" encoding="UTF-8" ?>
<module>
    <name>dashtrends</name>
    <displayName><![CDATA[Tableau de bord des tendances]]></displayName>
    <version><![CDATA[2.0.2]]></version>
    <description><![CDATA[Ajoute &agrave; votre tableau de bord un graphique repr&eacute;sentant l&#039;&eacute;volution des indicateurs cl&eacute;s de votre boutique.]]></description>
    <author><![CDATA[PrestaShop]]></author>
    <tab><![CDATA[dashboard]]></tab>
    <is_configurable>0</is_configurable>
    <need_instance>1</need_instance>
	<limited_countries></limited_countries>
</module>