<?xml version="1.0" encoding="UTF-8" ?>
<module>
    <name>sekeywords</name>
    <displayName><![CDATA[Mots cl&eacute;s]]></displayName>
    <version><![CDATA[2.0.0]]></version>
    <description><![CDATA[Affiche les mots cl&eacute;s qui ont men&eacute; les visiteurs jusqu&#039;&agrave; votre boutique.]]></description>
    <author><![CDATA[PrestaShop]]></author>
    <tab><![CDATA[analytics_stats]]></tab>
    <is_configurable>0</is_configurable>
    <need_instance>0</need_instance>
	<limited_countries></limited_countries>
</module>