<?xml version="1.0" encoding="UTF-8" ?>
<module>
    <name>dashgoals</name>
    <displayName><![CDATA[Tableau de bord des objectifs]]></displayName>
    <version><![CDATA[2.0.1]]></version>
    <description><![CDATA[Affiche un bloc avec les pr&eacute;visions de votre boutique.]]></description>
    <author><![CDATA[PrestaShop]]></author>
    <tab><![CDATA[dashboard]]></tab>
    <is_configurable>0</is_configurable>
    <need_instance>1</need_instance>
	<limited_countries></limited_countries>
</module>