<?xml version="1.0" encoding="UTF-8" ?>
<module>
    <name>dashproducts</name>
    <displayName><![CDATA[Tableau de bord Produits]]></displayName>
    <version><![CDATA[2.0.2]]></version>
    <description><![CDATA[Ajoute un bloc avec un tableau de vos derni&egrave;res commandes et le classement de vos meilleurs produits]]></description>
    <author><![CDATA[PrestaShop]]></author>
    <tab><![CDATA[dashboard]]></tab>
    <is_configurable>0</is_configurable>
    <need_instance>1</need_instance>
	<limited_countries></limited_countries>
</module>