<?xml version="1.0" encoding="UTF-8" ?>
<module>
    <name>skrill</name>
    <displayName><![CDATA[Skrill]]></displayName>
    <version><![CDATA[2.0.12]]></version>
    <description><![CDATA[Accepts payments by Skrill]]></description>
    <author><![CDATA[Skrill]]></author>
    <tab><![CDATA[payments_gateways]]></tab>
	<confirmUninstall><![CDATA[Êtes-vous sûr(e) de vouloir effacer vos données ?]]></confirmUninstall>
    <is_configurable>1</is_configurable>
    <need_instance>1</need_instance>
	<limited_countries></limited_countries>
</module>