<?xml version="1.0" encoding="UTF-8" ?>
<module>
    <name>paypal</name>
    <displayName><![CDATA[PayPal]]></displayName>
    <version><![CDATA[4.0.1]]></version>
    <description><![CDATA[La solution cl&eacute; en main de PayPal vous aide &agrave; d&eacute;velopper votre activit&eacute; en ligne, sur mobile et &agrave; l&#039;international. ]]></description>
    <author><![CDATA[PrestaShop]]></author>
    <tab><![CDATA[payments_gateways]]></tab>
	<confirmUninstall><![CDATA[Êtes-vous sûr de vouloir supprimer vos informations ?]]></confirmUninstall>
    <is_configurable>1</is_configurable>
    <need_instance>1</need_instance>
	<limited_countries></limited_countries>
</module>