<?xml version="1.0" encoding="UTF-8" ?>
<module>
    <name>ps_customersignin</name>
    <displayName><![CDATA[Lien de connexion client]]></displayName>
    <version><![CDATA[2.0.1]]></version>
    <description><![CDATA[Ajoute un bloc avec des liens utiles pour le client (login, d&eacute;connexion...)]]></description>
    <author><![CDATA[PrestaShop]]></author>
    <tab><![CDATA[]]></tab>
    <is_configurable>0</is_configurable>
    <need_instance>0</need_instance>
	<limited_countries></limited_countries>
</module>