<?xml version="1.0" encoding="UTF-8" ?>
<module>
    <name>ps_socialfollow</name>
    <displayName><![CDATA[Liens de suivi sur r&eacute;seaux sociaux]]></displayName>
    <version><![CDATA[2.0.0]]></version>
    <description><![CDATA[Permet d&#039;ajouter des informations suppl&eacute;mentaires concernant les r&eacute;seaux sociaux de votre marque.]]></description>
    <author><![CDATA[PrestaShop]]></author>
    <tab><![CDATA[]]></tab>
    <is_configurable>1</is_configurable>
    <need_instance>1</need_instance>
	<limited_countries></limited_countries>
</module>