<?xml version="1.0" encoding="UTF-8" ?>
<module>
    <name>ps_facetedsearch</name>
    <displayName><![CDATA[Navigation &agrave; facettes]]></displayName>
    <version><![CDATA[2.0.0]]></version>
    <description><![CDATA[Affiche un bloc permettant une recherche sur plusieurs filtres &agrave; la fois.]]></description>
    <author><![CDATA[PrestaShop]]></author>
    <tab><![CDATA[front_office_features]]></tab>
    <is_configurable>1</is_configurable>
    <need_instance>0</need_instance>
	<limited_countries></limited_countries>
</module>