<?xml version="1.0" encoding="UTF-8" ?>
<module>
    <name>pagesnotfound</name>
    <displayName><![CDATA[Pages introuvables]]></displayName>
    <version><![CDATA[2.0.0]]></version>
    <description><![CDATA[Ajoute un onglet au tableau de bord de statistiques, affichant les pages demand&eacute;es par vos visiteurs mais qui n&#039;ont pas &eacute;t&eacute; trouv&eacute;es.]]></description>
    <author><![CDATA[PrestaShop]]></author>
    <tab><![CDATA[analytics_stats]]></tab>
    <is_configurable>0</is_configurable>
    <need_instance>0</need_instance>
	<limited_countries></limited_countries>
</module>