<?xml version="1.0" encoding="UTF-8" ?>
<module>
    <name>ps_sharebuttons</name>
    <displayName><![CDATA[Boutons de partage sur r&eacute;seaux sociaux]]></displayName>
    <version><![CDATA[2.0.0]]></version>
    <description><![CDATA[Affiche des boutons de partage sur les r&eacute;seaux sociaux (Twitter, Facebook, Google+ et Pinterest) sur chaque fiche produit.]]></description>
    <author><![CDATA[PrestaShop]]></author>
    <tab><![CDATA[]]></tab>
    <is_configurable>1</is_configurable>
    <need_instance>0</need_instance>
	<limited_countries></limited_countries>
</module>