<?xml version="1.0" encoding="UTF-8" ?>
<module>
    <name>gridhtml</name>
    <displayName><![CDATA[Affichage HTML simple]]></displayName>
    <version><![CDATA[2.0.0]]></version>
    <description><![CDATA[Permet au syst&egrave;me de statistiques d&#039;afficher ses donn&eacute;es dans une grille.]]></description>
    <author><![CDATA[PrestaShop]]></author>
    <tab><![CDATA[administration]]></tab>
    <is_configurable>0</is_configurable>
    <need_instance>0</need_instance>
	<limited_countries></limited_countries>
</module>