<?xml version="1.0" encoding="UTF-8" ?>
<module>
    <name>ps_contactinfo</name>
    <displayName><![CDATA[Coordonn&eacute;es]]></displayName>
    <version><![CDATA[2.0.1]]></version>
    <description><![CDATA[Permet d&#039;afficher des informations suppl&eacute;mentaires &agrave; propos du service client de votre boutique.]]></description>
    <author><![CDATA[PrestaShop]]></author>
    <tab><![CDATA[]]></tab>
    <is_configurable>0</is_configurable>
    <need_instance>1</need_instance>
	<limited_countries></limited_countries>
</module>